location_id,latitude,longitude,rainfall_mm,cumulative_rainfall_30d,risk_score,risk_category,data_source,timestamp
NEG016,25.611124,92.617409,0.0,7.2,0.008,Green,live,2026-09-09T13:53:21.513682
11149,24.82767572,93.51825,0.0,12.3,0.938,Red,live,2026-09-09T13:53:22.401012
NEG033,25.255702,93.095121,0.0,2.4,0.001,Green,live,2026-09-09T13:53:23.607695
4403,24.8142,93.5444,0.0,11.5,0.832,Red,live,2026-09-09T13:53:24.564140
NEG004,25.436782,93.524825,0.0,5.5,0.0,Green,live,2026-09-09T13:53:25.515205
2283,24.8961,93.4957,0.1,12.8,0.934,Red,live,2026-09-09T13:53:26.235977
4861,24.9926,93.4946,0.0,7.4,0.707,Orange,live,2026-09-09T13:53:27.067325
1127,25.1718,93.123,0.0,7.5,0.927,Red,live,2026-09-09T13:53:27.827442
NEG003,25.577728,93.554489,0.1,6.8,0.001,Green,live,2026-09-09T13:53:28.626494
1611,25.1553,93.028,0.0,5.4,0.915,Red,live,2026-09-09T13:53:29.368033
10975,25.61919207,92.7094701,0.1,5.0,0.918,Red,live,2026-09-09T13:53:30.119157
7666,25.1019,93.3729,0.0,5.0,0.876,Red,live,2026-09-09T13:53:30.901921
NEG017,25.37743,93.361704,0.0,3.4,0.009,Green,live,2026-09-09T13:53:32.073369
2574,25.4749,93.1477,0.0,6.3,0.897,Red,live,2026-09-09T13:53:32.827006
NEG015,25.414544,93.540232,0.0,4.5,0.01,Green,live,2026-09-09T13:53:33.578068
