event_id,date,latitude,longitude,source,label,slope,aspect,curvature,rainfall_mm,cumulative_rainfall_30d,ndvi_year1,ndvi_year2,ndvi_year3,ndvi_year4,ndvi_year5,ndvi_year6,ndvi_trend,ndvi_drop,distance_to_river
9750,2017-06-04,25.15246863,92.94670614,NASA Global Landslide Catalog,1,27.36,342.26,0.0524,49.18,225.32,0.8293,0.8357,0.7945,0.8514,0.8432,0.6507,-0.0232,0.1925,647.3
1109,2009-08-20,25.5215,93.1645,NASA Global Landslide Catalog,1,21.0,66.03,0.0962,106.34,450.72,0.715,0.6866,0.6958,0.7002,0.7056,0.3986,-0.0434,0.307,1148.3
1611,2010-04-01,25.1553,93.028,NASA Global Landslide Catalog,1,21.59,185.12,-0.0072,51.43,230.7,0.8677,0.8583,0.8281,0.8156,0.8508,0.6128,-0.0374,0.238,2173.5
4382,2012-06-03,25.1175,92.8573,NASA Global Landslide Catalog,1,19.03,178.26,0.0255,165.94,432.39,0.7712,0.7837,0.7853,0.7636,0.8107,0.5057,-0.0362,0.305,236.2
5431,2013-09-01,24.9829,93.5063,NASA Global Landslide Catalog,1,46.0,322.14,0.0569,55.38,225.73,0.7084,0.7013,0.7348,0.7065,0.7019,0.4434,-0.0386,0.2585,419.1
3672,2011-06-29,25.5125,93.3613,NASA Global Landslide Catalog,1,19.65,288.79,0.0286,177.97,675.48,0.6601,0.7087,0.7022,0.7035,0.706,0.5412,-0.0172,0.1648,372.0
1108,2009-08-20,24.9925,93.5,NASA Global Landslide Catalog,1,26.83,41.71,0.0366,34.85,324.79,0.7288,0.7233,0.7383,0.7134,0.6922,0.3996,-0.0504,0.2926,1238.4
3560,2011-05-31,24.8286,93.5935,NASA Global Landslide Catalog,1,40.11,202.06,0.0688,101.54,486.77,0.707,0.712,0.7074,0.7437,0.7244,0.4727,-0.0314,0.2517,2725.9
2575,2010-10-09,25.5242,92.9914,NASA Global Landslide Catalog,1,44.95,89.75,0.0939,36.93,317.32,0.708,0.7007,0.6902,0.7045,0.7005,0.5132,-0.0274,0.1873,893.3
3525,2011-05-22,25.0672,93.4093,NASA Global Landslide Catalog,1,44.45,194.16,-0.0059,163.89,456.99,0.6557,0.6676,0.6911,0.6937,0.6424,0.3903,-0.04,0.2521,2849.1
5430,2013-09-01,24.9037,93.487,NASA Global Landslide Catalog,1,28.77,79.96,0.0029,75.1,458.56,0.7824,0.8189,0.8184,0.7757,0.7904,0.5802,-0.0325,0.2102,3307.0
7279,2015-07-24,24.9818,93.5142,NASA Global Landslide Catalog,1,24.4,13.28,-0.0201,102.92,276.09,0.7302,0.6901,0.6844,0.7051,0.7349,0.5365,-0.0232,0.1984,2180.3
2283,2010-08-19,24.8961,93.4957,NASA Global Landslide Catalog,1,37.18,274.18,0.0596,123.01,558.1,0.7326,0.7773,0.7464,0.7383,0.7296,0.4614,-0.0431,0.2682,1363.1
7666,2015-08-11,25.1019,93.3729,NASA Global Landslide Catalog,1,37.36,5.97,-0.0255,60.11,500.44,0.6963,0.6781,0.7111,0.6631,0.6753,0.5026,-0.0293,0.1727,1850.9
3965,2011-09-06,24.808,93.117,NASA Global Landslide Catalog,1,45.51,315.84,0.0607,111.06,499.4,0.674,0.7222,0.7224,0.7064,0.6887,0.4689,-0.0326,0.2198,2882.2
1127,2009-08-27,25.1718,93.123,NASA Global Landslide Catalog,1,38.96,322.96,-0.0415,145.88,584.79,0.6465,0.6907,0.6732,0.6374,0.6429,0.3602,-0.046,0.2827,3118.4
545,2008-05-20,24.9849,92.8411,NASA Global Landslide Catalog,1,15.17,57.89,0.1133,59.76,530.24,0.687,0.7122,0.7064,0.7184,0.7069,0.4432,-0.0349,0.2637,2323.6
4403,2012-06-10,24.8142,93.5444,NASA Global Landslide Catalog,1,18.09,132.38,0.0437,62.82,650.67,0.7521,0.7365,0.7463,0.7288,0.7332,0.4847,-0.039,0.2485,1016.4
2140,2010-07-25,25.0477,92.801,NASA Global Landslide Catalog,1,21.44,260.08,-0.0335,172.86,734.55,0.695,0.7497,0.7197,0.752,0.7518,0.4312,-0.0366,0.3206,3298.8
2166,2010-07-29,24.9786,93.5027,NASA Global Landslide Catalog,1,24.72,138.64,0.0441,74.12,300.39,0.7875,0.7731,0.7656,0.7372,0.7683,0.4203,-0.0537,0.348,2996.8
213,2007-08-26,25.2946,92.8339,NASA Global Landslide Catalog,1,19.62,186.6,0.0379,133.89,445.66,0.7273,0.7273,0.7307,0.7335,0.7094,0.4591,-0.0398,0.2503,2475.9
7591,2015-03-19,25.0318,92.4584,NASA Global Landslide Catalog,1,41.34,233.99,0.048,148.35,698.85,0.7101,0.6932,0.7223,0.6898,0.7155,0.457,-0.0352,0.2585,2492.6
3532,2011-05-24,25.0888,92.8551,NASA Global Landslide Catalog,1,24.46,212.7,-0.0036,105.95,602.45,0.7005,0.6683,0.6663,0.695,0.6956,0.4181,-0.0372,0.2775,549.5
1994,2010-06-16,25.0633,92.8025,NASA Global Landslide Catalog,1,38.96,351.31,0.0744,75.06,582.89,0.7005,0.6789,0.6757,0.7319,0.7243,0.4351,-0.0324,0.2892,1865.1
211,2007-08-26,24.9667,93.55,NASA Global Landslide Catalog,1,28.5,62.39,-0.0037,135.76,582.85,0.7333,0.7203,0.7092,0.7127,0.7012,0.5017,-0.0346,0.1995,1976.4
4384,2012-06-03,25.1775,93.0123,NASA Global Landslide Catalog,1,26.75,272.82,-0.0127,42.99,213.69,0.6795,0.6704,0.6566,0.634,0.6576,0.4129,-0.0398,0.2447,168.6
4383,2012-06-03,25.3056,93.1265,NASA Global Landslide Catalog,1,20.72,156.19,0.1016,32.02,350.6,0.7754,0.7966,0.7847,0.7549,0.7494,0.4709,-0.0484,0.2785,2266.6
4861,2013-05-12,24.9926,93.4946,NASA Global Landslide Catalog,1,15.87,210.88,-0.0515,114.2,438.88,0.7762,0.7814,0.8051,0.7718,0.8063,0.4752,-0.0418,0.3311,3298.0
2573,2010-10-09,25.1796,93.0083,NASA Global Landslide Catalog,1,21.46,24.97,0.034,74.44,604.63,0.6735,0.6416,0.6317,0.6665,0.6624,0.3369,-0.0453,0.3255,360.6
1987,2010-06-15,25.2269,93.1658,NASA Global Landslide Catalog,1,39.26,289.25,-0.0111,52.5,540.28,0.8408,0.8061,0.8037,0.828,0.8018,0.4656,-0.0533,0.3362,1073.3
2574,2010-10-09,25.4749,93.1477,NASA Global Landslide Catalog,1,43.33,154.44,0.0613,164.9,542.26,0.8045,0.839,0.8086,0.7859,0.8396,0.6713,-0.0196,0.1683,468.6
10980,2017-04-04,25.181453,93.118105,NASA Global Landslide Catalog,1,25.54,342.02,0.0607,113.88,548.21,0.7273,0.7294,0.75,0.7548,0.7572,0.4493,-0.0372,0.3079,3333.1
10977,2017-04-04,25.481623,93.141692,NASA Global Landslide Catalog,1,18.01,177.99,0.0238,162.59,470.5,0.652,0.6891,0.6805,0.6495,0.6485,0.3583,-0.0463,0.2902,1612.4
10979,2017-04-04,25.195355,93.172758,NASA Global Landslide Catalog,1,17.4,295.87,-0.0139,37.61,225.79,0.8398,0.8396,0.8661,0.8742,0.8765,0.5758,-0.0343,0.3007,2507.1
10976,2017-04-04,25.118398,92.853913,NASA Global Landslide Catalog,1,27.42,30.06,0.0355,165.48,365.52,0.7192,0.7466,0.7219,0.7257,0.7256,0.4458,-0.0407,0.2798,1553.9
10978,2017-04-04,25.132228,93.04681,NASA Global Landslide Catalog,1,39.62,210.01,0.0938,83.1,361.67,0.8071,0.8515,0.7944,0.8519,0.7963,0.4681,-0.0515,0.3282,3372.1
11149,2017-07-09,24.82767572,93.51825,NASA Global Landslide Catalog,1,32.41,357.47,0.0249,106.08,539.31,0.7864,0.7968,0.7942,0.8132,0.7619,0.5557,-0.0354,0.2062,3396.2
10975,2017-04-29,25.61919207,92.7094701,NASA Global Landslide Catalog,1,46.36,320.49,-0.0187,121.12,395.94,0.6854,0.6788,0.6926,0.6623,0.7161,0.3689,-0.0429,0.3472,1660.1
NEG001,2013-01-12,25.111824,93.537556,"Synthetically generated negative point (stable-terrain simulation, NOT verified field data)",0,13.71,215.52,-0.0138,17.8,111.62,0.8272,0.8315,0.804,0.842,0.8365,0.8117,-0.0031,0.0155,800.0
NEG002,2007-07-18,25.304168,92.466421,"Synthetically generated negative point (stable-terrain simulation, NOT verified field data)",0,2.37,188.92,-0.004,12.33,294.75,0.6802,0.7013,0.6919,0.7159,0.6953,0.711,0.0062,-0.0308,2445.0
NEG003,2012-06-18,25.577728,93.554489,"Synthetically generated negative point (stable-terrain simulation, NOT verified field data)",0,14.93,109.66,-0.0161,44.21,188.03,0.6742,0.6558,0.6908,0.6648,0.6809,0.6669,-0.0015,0.0073,1916.2
NEG004,2007-01-25,25.436782,93.524825,"Synthetically generated negative point (stable-terrain simulation, NOT verified field data)",0,16.32,215.24,0.0169,14.42,139.2,0.652,0.6545,0.6499,0.6721,0.6533,0.6502,-0.0004,0.0018,1990.9
NEG005,2015-08-05,25.608555,93.334975,"Synthetically generated negative point (stable-terrain simulation, NOT verified field data)",0,5.18,1.99,0.0126,45.34,245.8,0.7873,0.7986,0.7889,0.8188,0.8092,0.7975,0.002,-0.0102,409.7
NEG006,2015-01-20,25.399851,93.182091,"Synthetically generated negative point (stable-terrain simulation, NOT verified field data)",0,16.2,170.0,-0.0152,45.66,252.16,0.7731,0.7621,0.7632,0.7594,0.7433,0.7466,-0.0053,0.0265,303.7
NEG007,2012-11-26,25.264925,93.24788,"Synthetically generated negative point (stable-terrain simulation, NOT verified field data)",0,4.23,217.59,0.0016,20.15,288.57,0.7776,0.785,0.7748,0.7616,0.754,0.7681,-0.0019,0.0095,920.9
NEG008,2008-09-20,24.907037,92.862834,"Synthetically generated negative point (stable-terrain simulation, NOT verified field data)",0,16.51,97.97,0.0059,10.03,170.51,0.6976,0.7124,0.7104,0.7187,0.7018,0.7008,0.0006,-0.0032,755.4
NEG009,2011-07-04,25.102973,93.56147,"Synthetically generated negative point (stable-terrain simulation, NOT verified field data)",0,17.4,90.64,-0.0001,25.04,156.97,0.6618,0.6575,0.6395,0.6485,0.6737,0.647,-0.003,0.0148,678.2
NEG010,2010-03-20,24.873588,92.877995,"Synthetically generated negative point (stable-terrain simulation, NOT verified field data)",0,5.87,289.13,-0.0012,59.17,179.76,0.8252,0.7993,0.8136,0.8211,0.8276,0.8063,-0.0038,0.0189,926.8
NEG011,2009-01-16,25.331359,92.656323,"Synthetically generated negative point (stable-terrain simulation, NOT verified field data)",0,13.06,139.22,0.0175,16.88,168.21,0.6897,0.6878,0.663,0.6791,0.6854,0.6749,-0.003,0.0148,1947.8
NEG012,2007-03-25,25.591141,93.092119,"Synthetically generated negative point (stable-terrain simulation, NOT verified field data)",0,16.12,67.93,-0.0088,45.02,269.33,0.8175,0.8368,0.8353,0.8387,0.8327,0.8281,0.0021,-0.0106,2116.3
NEG013,2010-06-23,24.812106,92.640933,"Synthetically generated negative point (stable-terrain simulation, NOT verified field data)",0,10.78,249.08,0.0061,21.21,242.44,0.6904,0.7073,0.7034,0.7114,0.7037,0.7001,0.0019,-0.0097,509.1
NEG014,2013-06-03,25.011173,93.127962,"Synthetically generated negative point (stable-terrain simulation, NOT verified field data)",0,17.66,175.23,0.0162,31.72,170.02,0.7858,0.7936,0.7682,0.779,0.7819,0.7897,0.0008,-0.0039,343.9
NEG015,2008-02-15,25.414544,93.540232,"Synthetically generated negative point (stable-terrain simulation, NOT verified field data)",0,7.29,199.0,0.0029,59.02,115.07,0.6987,0.7018,0.7105,0.706,0.7069,0.7249,0.0052,-0.0262,3269.1
NEG016,2012-01-08,25.611124,92.617409,"Synthetically generated negative point (stable-terrain simulation, NOT verified field data)",0,10.29,315.85,0.0096,44.85,240.5,0.7136,0.7343,0.7343,0.7366,0.7384,0.7224,0.0018,-0.0088,1855.0
NEG017,2011-11-05,25.37743,93.361704,"Synthetically generated negative point (stable-terrain simulation, NOT verified field data)",0,16.24,121.68,-0.005,14.7,215.66,0.6558,0.6589,0.6487,0.6608,0.6384,0.6387,-0.0034,0.0171,2914.6
NEG018,2015-10-05,25.23164,93.33242,"Synthetically generated negative point (stable-terrain simulation, NOT verified field data)",0,5.45,224.24,-0.0166,12.58,206.27,0.7636,0.7671,0.7771,0.7588,0.751,0.7699,0.0013,-0.0063,1093.7
NEG019,2015-03-12,24.95753,92.550199,"Synthetically generated negative point (stable-terrain simulation, NOT verified field data)",0,8.85,247.86,-0.0177,55.76,188.47,0.6818,0.6853,0.7154,0.7035,0.6987,0.7043,0.0045,-0.0225,1637.7
NEG020,2011-05-04,25.267165,92.63848,"Synthetically generated negative point (stable-terrain simulation, NOT verified field data)",0,3.92,123.08,-0.0163,14.71,162.28,0.8329,0.8266,0.8564,0.8582,0.8398,0.8445,0.0023,-0.0116,2344.3
NEG021,2017-03-11,24.84475,92.883623,"Synthetically generated negative point (stable-terrain simulation, NOT verified field data)",0,12.01,181.13,0.0143,42.93,132.59,0.6698,0.6452,0.6675,0.6817,0.6671,0.6596,-0.002,0.0102,2322.9
NEG022,2007-07-04,25.571709,92.896665,"Synthetically generated negative point (stable-terrain simulation, NOT verified field data)",0,17.38,325.93,-0.0122,13.47,120.16,0.6374,0.6609,0.6364,0.6464,0.6674,0.6345,-0.0006,0.0029,2887.7
NEG023,2013-12-17,25.370067,92.853797,"Synthetically generated negative point (stable-terrain simulation, NOT verified field data)",0,16.99,14.11,-0.0033,58.38,209.59,0.7374,0.7377,0.744,0.7198,0.7247,0.7379,0.0001,-0.0005,3061.5
NEG024,2012-03-26,25.359485,93.29827,"Synthetically generated negative point (stable-terrain simulation, NOT verified field data)",0,5.81,135.98,0.0014,34.83,177.92,0.6935,0.6916,0.7278,0.7234,0.7037,0.7278,0.0069,-0.0343,2433.3
NEG025,2009-12-09,25.320541,92.967431,"Synthetically generated negative point (stable-terrain simulation, NOT verified field data)",0,6.69,118.32,0.0069,47.62,258.32,0.7915,0.8077,0.7902,0.8099,0.8056,0.8234,0.0064,-0.0319,1358.0
NEG026,2007-04-04,25.425731,93.160139,"Synthetically generated negative point (stable-terrain simulation, NOT verified field data)",0,3.62,30.28,0.008,13.64,264.37,0.7745,0.7746,0.8107,0.7862,0.786,0.8037,0.0058,-0.0292,3325.9
NEG027,2007-12-17,25.113219,92.553182,"Synthetically generated negative point (stable-terrain simulation, NOT verified field data)",0,14.43,201.03,-0.003,55.32,122.24,0.729,0.7472,0.7308,0.7333,0.7332,0.7545,0.0051,-0.0255,2661.9
NEG028,2017-05-22,24.875241,93.058153,"Synthetically generated negative point (stable-terrain simulation, NOT verified field data)",0,8.98,288.76,0.0191,37.8,164.54,0.6757,0.6755,0.6488,0.6665,0.6417,0.6453,-0.0061,0.0304,915.5
NEG029,2011-01-09,25.281991,93.481304,"Synthetically generated negative point (stable-terrain simulation, NOT verified field data)",0,2.73,101.15,0.018,54.51,191.13,0.7651,0.7615,0.7725,0.7681,0.7773,0.7571,-0.0016,0.008,3415.5
NEG030,2017-02-15,25.059086,93.382139,"Synthetically generated negative point (stable-terrain simulation, NOT verified field data)",0,12.96,58.54,0.0164,51.13,289.96,0.7996,0.7918,0.8124,0.8097,0.7769,0.7762,-0.0047,0.0234,1442.3
NEG031,2013-05-05,24.930017,93.132798,"Synthetically generated negative point (stable-terrain simulation, NOT verified field data)",0,8.09,349.17,0.0137,51.92,193.74,0.7239,0.7153,0.7476,0.7455,0.753,0.7529,0.0058,-0.029,2032.9
NEG032,2009-12-01,25.422138,92.887298,"Synthetically generated negative point (stable-terrain simulation, NOT verified field data)",0,5.86,73.82,-0.0099,23.74,141.45,0.8359,0.8075,0.8163,0.8065,0.8255,0.8246,-0.0023,0.0113,2943.5
NEG033,2010-02-20,25.255702,93.095121,"Synthetically generated negative point (stable-terrain simulation, NOT verified field data)",0,16.03,145.25,-0.0146,11.44,251.03,0.7823,0.7626,0.7596,0.7547,0.7681,0.7777,-0.0009,0.0046,1494.4
NEG034,2010-09-23,25.252084,92.970228,"Synthetically generated negative point (stable-terrain simulation, NOT verified field data)",0,16.57,107.27,0.0009,44.88,259.29,0.7556,0.7527,0.7245,0.7237,0.7467,0.7358,-0.004,0.0198,890.1
NEG035,2013-06-01,24.91187,92.630825,"Synthetically generated negative point (stable-terrain simulation, NOT verified field data)",0,4.22,230.71,-0.0127,27.28,279.36,0.7515,0.7317,0.7325,0.7264,0.7316,0.7359,-0.0031,0.0156,784.1
NEG036,2010-04-15,25.24152,92.862486,"Synthetically generated negative point (stable-terrain simulation, NOT verified field data)",0,16.31,46.35,-0.0068,26.08,118.46,0.7537,0.7467,0.7325,0.7413,0.7263,0.7609,0.0014,-0.0072,478.9
NEG037,2010-09-23,25.243278,93.50728,"Synthetically generated negative point (stable-terrain simulation, NOT verified field data)",0,5.78,273.58,0.0013,46.03,112.47,0.6648,0.687,0.6933,0.6895,0.6607,0.6942,0.0059,-0.0294,1368.7
NEG038,2017-12-19,25.11405,92.481183,"Synthetically generated negative point (stable-terrain simulation, NOT verified field data)",0,7.15,76.12,-0.0069,15.99,278.11,0.7759,0.7803,0.7686,0.7522,0.7702,0.7722,-0.0007,0.0037,2660.0
