location_id,latitude,longitude,slope,aspect,curvature,distance_to_river,ndvi_trend,ndvi_drop
NEG016,25.611124,92.617409,10.29,315.85,0.0096,1855.0,0.0018,-0.0088
11149,24.82767572,93.51825,32.41,357.47,0.0249,3396.2,-0.0354,0.2062
NEG033,25.255702,93.095121,16.03,145.25,-0.0146,1494.4,-0.0009,0.0046
4403,24.8142,93.5444,18.09,132.38,0.0437,1016.4,-0.039,0.2485
NEG004,25.436782,93.524825,16.32,215.24,0.0169,1990.9,-0.0004,0.0018
2283,24.8961,93.4957,37.18,274.18,0.0596,1363.1,-0.0431,0.2682
4861,24.9926,93.4946,15.87,210.88,-0.0515,3298.0,-0.0418,0.3311
1127,25.1718,93.123,38.96,322.96,-0.0415,3118.4,-0.046,0.2827
NEG003,25.577728,93.554489,14.93,109.66,-0.0161,1916.2,-0.0015,0.0073
1611,25.1553,93.028,21.59,185.12,-0.0072,2173.5,-0.0374,0.238
10975,25.61919207,92.7094701,46.36,320.49,-0.0187,1660.1,-0.0429,0.3472
7666,25.1019,93.3729,37.36,5.97,-0.0255,1850.9,-0.0293,0.1727
NEG017,25.37743,93.361704,16.24,121.68,-0.005,2914.6,-0.0034,0.0171
2574,25.4749,93.1477,43.33,154.44,0.0613,468.6,-0.0196,0.1683
NEG015,25.414544,93.540232,7.29,199.0,0.0029,3269.1,0.0052,-0.0262
